,software,dataset,precision,recall,Fscore
0,bwa,dataset0,0.9302253146380607,1.0,0.9638515333765464
1,bowtie2,dataset1,0.9099038664694696,1.0,0.9528268751572945
2,bwa,dataset1,0.9159264462024314,1.0,0.9561185900616325
3,bowtie2,dataset2,0.8835721799622568,1.0,0.9381877576679455
4,bwa,dataset2,0.9235733085289672,1.0,0.9602683759791409
5,bowtie2,dataset3,0.9001115864848142,1.0,0.9474302381893379
