,software,dataset,precision,recall,Fscore
0,bwa,dataset1,0.9302253146380607,1.0,0.9638515333765464
1,bowtie2,dataset1,0.9099038664694696,0.9993966362470774,0.952552897947673
2,bwa,dataset2,0.9159264462024314,1.0,0.9561185900616325
3,bowtie2,dataset2,0.8835721799622568,0.9988944201084066,0.9377009082596085
4,bwa,dataset3,0.9235733085289672,1.0,0.9602683759791409
5,bowtie2,dataset3,0.9001115864848142,0.9992778554066907,0.9471060077848293
